gene,nav11_mean,nav18_mean,ratio,kruskal_p,is_target
Oprl1,25.29,6.286,4.024,0.0009502496592265887,True
1110019D14Rik,4.806,6.538,0.735,0.03668277440246512,False
1700019D03Rik,48.504,15.788,3.072,0.08737528034076734,False
1700112D23Rik,6.166,3.86,1.597,0.04408270855615712,False
2310061I04Rik,95.568,72.335,1.321,0.002691282834948115,False
2510009E07Rik,90.669,78.842,1.15,0.42503065278493135,False
4833439L19Rik,110.111,111.573,0.987,0.568811400413345,False
9330159M07Rik,5.331,5.959,0.895,0.568811400413345,False
9530059O14Rik,83.2,128.729,0.646,0.7903100546926771,False
A430103D13Rik,4.452,5.523,0.806,0.18366985885429593,False
A830018L16Rik,64.806,26.104,2.483,0.03668277440246512,False
Abca3,93.829,106.382,0.882,0.27062738558725485,False
Abcc1,19.935,21.882,0.911,0.732439899903881,False
Abhd11os,24.719,16.546,1.494,0.9696981596092581,False
Abhd2,88.509,180.849,0.489,0.00438548939209379,False
Abhd5,11.143,18.357,0.607,0.000950249659226583,False
Acot13,85.281,92.008,0.927,0.732439899903881,False
Adamts2,4.762,10.363,0.46,0.1598685556691316,False
Adamtsl3,3.734,23.678,0.158,0.0016165203483961817,False
Adat2,6.738,5.099,1.322,0.010924033386052627,False
Adgrb3,47.782,20.596,2.32,0.03668277440246512,False
Agfg1,91.531,138.168,0.662,0.0005466219592185199,False
Agrp,8.417,22.885,0.368,0.10237755581065143,False
Ahcyl2,82.66,67.207,1.23,0.23895905206052603,False
Akap7,140.839,49.723,2.832,0.07419931719571338,False
Als2,5.144,6.565,0.784,0.3822828750399312,False
Anapc10,18.492,17.268,1.071,0.42503065278493135,False
Antxr2,8.212,42.989,0.191,0.04408270855615712,False
Anxa11,17.816,19.638,0.907,0.5184240444618633,False
Ap3s2,87.869,77.394,1.135,0.6214268342178658,False
Apbb2,81.571,100.61,0.811,0.11936102290912955,False
Apc2,106.14,100.832,1.053,0.6760528085643427,False
Apoc1,12.129,6.088,1.992,0.006995319905603779,False
Arhgef10,7.926,7.498,1.057,0.4704479999364616,False
Armh4,95.504,112.79,0.847,0.23895905206052603,False
Arxes1,22.728,18.275,1.244,0.23895905206052603,False
Asic3,25.695,13.275,1.936,0.008764828179775055,False
Astn1,100.062,63.762,1.569,0.013543601483181497,False
Atf2,99.527,87.616,1.136,0.38228287503993563,False
Atp1b2,35.822,21.964,1.631,0.020492927306024925,False
Atp5mc2,288.55,266.496,1.083,0.6214268342178658,False
Atp6v0e,87.78,86.873,1.01,0.8493606187801671,False
Atp8a2,201.408,89.782,2.243,0.01670340384716159,False
Atpaf2,33.663,221.286,0.152,0.0003076740455083403,False
Avil,164.684,198.57,0.829,0.5184240444618633,False
B3galt1,43.329,7.913,5.475,0.0034446936330652608,False
BC005624,68.003,63.968,1.063,0.6214268342178658,False
BC034090,11.448,7.315,1.565,0.06269390820871207,False
Bach1,18.391,17.025,1.08,0.02501152559403936,False
Banp,19.163,21.798,0.879,0.9696981596092581,False
Bcan,28.227,21.075,1.339,0.34227921045774523,False
Bdh2,2.832,6.487,0.437,0.0527050417902269,False
Bdnf,76.866,98.028,0.784,0.10237755581065143,False
Bean1,81.642,161.426,0.506,0.00022894942526757402,False
Bivm,16.055,13.779,1.165,0.27062738558725485,False
Blmh,65.385,66.463,0.984,0.568811400413345,False
Bltp2,91.935,97.636,0.942,0.5184240444618633,False
Bltp3b,42.534,94.983,0.448,0.00041121782685697906,False
Bpnt1,93.049,79.893,1.165,0.07419931719571338,False
Btbd3,107.376,75.074,1.43,0.30505885926167353,False
C1qtnf1,17.699,12.641,1.4,0.20999967175560622,False
C630043F03Rik,5.701,5.352,1.065,0.20999967175560622,False
Cacfd1,87.355,77.379,1.129,0.10237755581065143,False
Cacng5,62.827,4.911,12.793,0.00041121782685697906,False
Cadps2,22.318,11.956,1.867,0.568811400413345,False
Calml4,9.778,20.29,0.482,0.07419931719571338,False
Capn15,21.031,18.381,1.144,0.20999967175560622,False
Card19,230.871,143.929,1.604,0.008764828179775055,False
Cavin2,7.35,63.852,0.115,0.0007226712449063665,False
Cbfa2t2,20.289,15.501,1.309,0.052705041790226705,False
Cc2d1a,17.933,16.883,1.062,0.13847671503211265,False
Ccdc107,65.514,81.575,0.803,0.18366985885429593,False
Ccdc28a,100.825,83.987,1.2,0.23895905206052603,False
Ccdc90b,13.429,12.263,1.095,0.7903100546926771,False
Ccl2,4.584,8.785,0.522,0.23895905206052603,False
Ccm2,66.398,64.925,1.023,0.732439899903881,False
Ccn3,4.16,8.098,0.514,0.13847671503211265,False
Cd164,265.569,112.364,2.363,0.0012427472668632257,False
Cdc42ep3,23.5,10.693,2.198,0.0012427472668632257,False
Cdc73,71.658,64.39,1.113,0.27062738558725485,False
Cdh11,44.366,16.612,2.671,0.0034446936330652608,False
Cdh22,32.791,13.079,2.507,0.1598685556691316,False
Cdk2ap2,88.736,72.944,1.216,0.03036847223425402,False
Cdk5,120.36,87.31,1.379,0.008764828179775055,False
Cebpd,36.758,27.459,1.339,0.03668277440246512,False
Cenpm,3.753,5.446,0.689,0.06269390820871207,False
Cep20,91.467,99.808,0.916,0.18366985885429593,False
Cep83,23.511,17.945,1.31,0.04408270855615712,False
Cert1,85.996,80.215,1.072,0.42503065278493135,False
Chd9,77.259,72.571,1.065,0.42503065278493135,False
Chrna4,26.006,1.704,15.258,0.04016363995872228,False
Chrnb3,1.356,41.165,0.033,0.0016165203483961817,False
Chrnb4,30.168,115.972,0.26,0.03668277440246512,False
Chst11,22.357,13.878,1.611,0.052705041790226705,False
Ciao1,24.721,19.395,1.275,0.010924033386052627,False
Ciapin1,95.351,90.396,1.055,0.9696981596092581,False
Clic5,4.807,6.849,0.702,0.38228287503993563,False
Cmtm5,39.574,21.237,1.863,0.0005466219592185199,False
Cntfr,79.351,69.475,1.142,0.1598685556691316,False
Cntn1,538.208,122.174,4.405,0.00438548939209379,False
Cntn3,31.749,16.467,1.928,0.03036847223425402,False
Col16a1,8.145,8.234,0.989,0.34227921045774523,False
Col24a1,30.193,13.539,2.23,0.052705041790226705,False
Col5a3,30.536,32.376,0.943,0.8493606187801671,False
Cops2,81.687,78.667,1.038,0.9696981596092581,False
Cox19,68.712,68.544,1.002,0.9696981596092581,False
Cplx2,245.451,51.549,4.762,0.1598685556691316,False
Cpne6,50.048,30.117,1.662,0.1598685556691316,False
Cpne7,19.969,10.511,1.9,0.568811400413345,False
Cpt1a,91.135,81.262,1.121,0.27062738558725485,False
Crim1,98.991,13.187,7.507,0.013543601483181497,False
Csnk2b,136.505,103.789,1.315,0.07419931719571338,False
Ctnna1,65.729,87.621,0.75,0.03668277440246512,False
Ctnnd2,119.906,98.475,1.218,0.03668277440246512,False
Cttnbp2nl,16.03,12.209,1.313,0.02501152559403936,False
Ctxn2,37.899,10.827,3.5,0.0020914050461957145,False
Ctxn3,26.749,28.069,0.953,0.6214268342178658,False
Cul3,105.959,98.059,1.081,0.7903100546926771,False
Cul7,19.032,18.729,1.016,0.38228287503993563,False
Cxcr4,27.22,8.117,3.353,0.010924033386052627,False
Cyp1b1,59.607,136.167,0.438,0.010924033386052563,False
Cyp46a1,8.763,5.025,1.744,0.006995319905603779,False
Cyp51,95.132,95.625,0.995,0.732439899903881,False
Daam2,17.866,14.034,1.273,0.1598685556691316,False
Dars2,5.202,6.264,0.83,0.20999967175560622,False
Dazap2,86.414,100.023,0.864,0.11936102290912955,False
Dcaf1,20.257,18.196,1.113,0.06269390820871207,False
Dcdc2a,17.79,253.355,0.07,0.0016165203483961817,False
Dcp1a,5.699,5.805,0.982,0.9696981596092581,False
Ddr2,2.846,21.442,0.133,0.00022894942526757402,False
Dhfr,5.532,5.554,0.996,0.9092690452142275,False
Diras1,150.76,126.644,1.19,0.7903100546926771,False
Dis3l2,14.701,14.82,0.992,0.8493606187801671,False
Dkk3,39.395,127.896,0.308,0.0034446936330652608,False
Dlg1,20.294,14.933,1.359,0.5184240444618633,False
Dock5,12.968,17.759,0.73,0.4704479999364616,False
Dock6,4.166,6.397,0.651,0.27062738558725485,False
Dok5,38.984,22.687,1.718,0.11936102290912955,False
Dok7,8.648,4.944,1.749,0.03668277440246512,False
Dot1l,18.202,18.975,0.959,0.38228287503993563,False
Dpp10,52.089,10.573,4.927,0.020492927306024925,False
Dpysl4,14.1,15.93,0.885,0.9092690452142275,False
Dusp15,19.9,20.607,0.966,0.7903100546926771,False
Dusp5,14.412,7.099,2.03,0.07419931719571338,False
E230016M11Rik,5.518,5.309,1.039,0.4704479999364616,False
Echdc2,12.095,4.24,2.853,0.052705041790226705,False
Efl1,5.45,4.919,1.108,0.42503065278493135,False
Ei24,99.52,118.619,0.839,0.10237755581065143,False
Eif3b,87.039,101.238,0.86,0.07419931719571338,False
Eif4b,114.41,100.825,1.135,0.052705041790226705,False
Elmo1,103.048,108.766,0.947,0.6760528085643427,False
Elovl1,16.249,21.622,0.751,0.18366985885429593,False
Emc1,98.563,89.358,1.103,0.38228287503993563,False
Emc2,71.923,60.528,1.188,0.10237755581065143,False
Enc1,38.044,10.324,3.685,0.03036847223425402,False
Endov,19.263,15.107,1.275,0.010924033386052627,False
Entrep1,52.043,15.37,3.386,0.0005466219592185199,False
Eps8l1,6.188,5.312,1.165,0.34227921045774523,False
Ercc8,6.661,5.548,1.201,0.42503065278493135,False
Etl4,92.009,126.574,0.727,0.6214268342178658,False
Exoc7,22.315,19.192,1.163,0.11936102290912955,False
Fabp3,160.911,115.451,1.394,0.052705041790226705,False
Fam168a,123.501,112.538,1.097,0.27062738558725485,False
Fam177a,7.471,5.847,1.278,0.732439899903881,False
Fam32a,63.328,68.235,0.928,0.18366985885429593,False
Fam91a1,71.215,80.737,0.882,0.34227921045774523,False
Fat3,17.328,5.617,3.085,0.02501152559403936,False
Fbln2,28.503,16.4,1.738,0.052705041790226705,False
Fdxr,7.666,8.247,0.93,0.27062738558725485,False
Fermt2,113.112,60.393,1.873,0.0007226712449063665,False
Fez2,75.3,61.428,1.226,0.1598685556691316,False
Fhl1,77.876,162.027,0.481,0.00438548939209379,False
Fign,26.362,17.663,1.492,0.07419931719571338,False
Fkbp9,22.323,12.015,1.858,0.03036847223425402,False
Flcn,14.821,15.895,0.932,0.4704479999364616,False
Flna,16.87,20.398,0.827,0.30505885926167353,False
Flrt2,53.331,15.807,3.374,0.020492927306024925,False
Fsd1l,70.776,82.691,0.856,0.06269390820871207,False
Fto,94.765,66.64,1.422,0.0001694392021937069,False
G0s2,47.766,16.007,2.984,0.0009502496592265887,False
Gabra2,25.149,15.286,1.645,0.568811400413345,False
Gak,73.207,75.202,0.973,0.6760528085643427,False
Gas7,18.766,17.436,1.076,0.10237755581065143,False
Gcc1,16.609,13.694,1.213,0.01670340384716159,False
Gem,21.396,16.761,1.277,0.732439899903881,False
Gemin2,5.669,5.527,1.026,0.30505885926167353,False
Ggact,13.882,16.795,0.827,0.18366985885429593,False
Gm11696,3.714,6.8,0.546,0.010924033386052563,False
Gm13446,12.795,3.543,3.611,0.0034446936330652608,False
Gm17167,4.471,6.394,0.699,0.34227921045774523,False
Gm20186,7.403,16.403,0.451,0.00041121782685697906,False
Gm34006,22.506,9.69,2.323,0.0034446936330652608,False
Gm37254,7.397,7.471,0.99,0.13847671503211265,False
Gm42770,15.418,27.796,0.555,0.030306188482077754,False
Gm43341,10.594,27.935,0.379,0.04408270855615712,False
Gm43527,7.206,4.813,1.497,0.03668277440246512,False
Gm44435,14.83,19.999,0.742,0.42503065278493135,False
Gm45809,25.32,32.452,0.78,0.732439899903881,False
Gm49027,37.693,38.834,0.971,0.6760528085643427,False
Gm5617,19.995,15.642,1.278,0.11936102290912955,False
Gm9385,18.518,16.295,1.136,0.4704479999364616,False
Gm9916,3.511,6.011,0.584,0.020492927306024925,False
Golga7,83.531,86.263,0.968,0.732439899903881,False
Gpbp1,65.574,62.853,1.043,0.38228287503993563,False
Gpha2,38.552,20.074,1.92,0.38228287503993563,False
Gpm6b,163.454,104.153,1.569,0.0034446936330652608,False
Gpr119,5.187,8.019,0.647,0.4704479999364616,False
Gpr37l1,36.772,23.296,1.578,0.01670340384716159,False
Gprc5b,15.012,6.001,2.502,0.008764828179775055,False
Gria2,121.088,115.181,1.051,0.38228287503993563,False
Gstm5,103.47,91.868,1.126,0.07419931719571338,False
Gstm6,7.13,16.589,0.43,0.008764828179775055,False
Gstp1,126.984,116.24,1.092,0.6214268342178658,False
Hcfc1,71.919,71.252,1.009,0.6760528085643427,False
Hdac9,49.681,80.525,0.617,0.013543601483181497,False
Hdhd5,6.65,6.477,1.027,0.23895905206052603,False
Hecw1,96.439,96.084,1.004,0.9696981596092581,False
Hexb,30.359,23.174,1.31,0.07419931719571338,False
Hexim2,5.659,4.62,1.225,0.30505885926167353,False
Hey2,36.297,23.237,1.562,0.010924033386052627,False
Hgs,69.846,70.029,0.997,0.732439899903881,False
Hibch,15.806,18.249,0.866,0.20999967175560622,False
Hic2,6.336,5.497,1.153,0.568811400413345,False
Hif1a,75.398,101.259,0.745,0.6760528085643427,False
Hmga1,37.661,21.357,1.763,0.0034446936330652608,False
Hps4,25.416,21.383,1.189,0.008764828179775055,False
Hs3st2,29.871,15.866,1.883,0.6214268342178658,False
Hsdl2,72.038,65.929,1.093,0.6214268342178658,False
Ift20,127.808,112.942,1.132,0.23895905206052603,False
Igfbp2,9.46,23.942,0.395,0.27062738558725485,False
Igfbp5,38.106,10.369,3.675,0.0020914050461957145,False
Igfbp7,8.431,21.389,0.394,0.03036847223425402,False
Impdh1,98.341,98.535,0.998,0.9696981596092581,False
Ina,70.181,14.097,4.978,0.020492927306024925,False
Iqcb1,18.009,16.856,1.068,0.34227921045774523,False
Itm2a,104.153,153.63,0.678,0.08737528034076734,False
Jkamp,94.212,92.683,1.016,0.7903100546926771,False
Kazn,26.548,9.385,2.829,0.005553517553973438,False
Kcna1,38.766,21.57,1.797,0.6214268342178658,False
Kcnh8,22.753,13.441,1.693,0.04408270855615712,False
Kcnk1,41.865,14.598,2.868,0.07419931719571338,False
Kcnk3,47.458,404.977,0.117,0.010924033386052563,False
Kcnk9,113.463,13.607,8.339,0.008764828179775055,False
Kifc3,6.227,6.434,0.968,0.9092690452142275,False
Klf11,12.248,13.257,0.924,0.4704479999364616,False
Klhl15,19.517,17.025,1.146,0.11936102290912955,False
Kmt5a,69.845,68.651,1.017,0.9092690452142275,False
Ksr2,17.238,17.452,0.988,0.9696981596092581,False
Lamc1,23.067,17.344,1.33,0.10237755581065143,False
Lgi3,51.464,10.655,4.83,0.20999967175560622,False
Lmbr1l,5.877,7.575,0.776,0.732439899903881,False
Lmo1,109.69,86.264,1.272,0.13847671503211265,False
Lmo7,7.475,21.516,0.347,0.010924033386052563,False
Lox,0.96,56.269,0.017,0.0005466219592185199,False
Lrfn4,21.969,18.133,1.212,0.03036847223425402,False
Lrrc3,20.327,17.764,1.144,0.07419931719571338,False
Lrrc4b,45.588,15.4,2.96,0.00438548939209379,False
Lrrc55,42.173,8.232,5.123,0.006995319905603779,False
Luzp2,74.597,94.169,0.792,0.3822828750399312,False
Lxn,72.947,145.034,0.503,0.02501152559403936,False
Lypd1,1106.717,37.813,29.268,0.002691282834948115,False
Lzic,5.921,5.236,1.131,0.42503065278493135,False
Lzts3,9.286,6.891,1.348,0.07419931719571338,False
Macroh2a2,22.271,13.038,1.708,0.00438548939209379,False
Mad2l2,15.909,18.056,0.881,0.4704479999364616,False
Magt1,65.75,96.146,0.684,0.13847671503211265,False
Man1a2,80.285,75.656,1.061,0.4704479999364616,False
Map2k7,74.464,59.559,1.25,0.010924033386052627,False
Matk,24.652,11.714,2.104,0.07419931719571338,False
Matn2,22.483,23.643,0.951,0.6214268342178658,False
Mbd3,99.767,79.43,1.256,0.04408270855615712,False
Mcur1,10.724,18.785,0.571,0.0007226712449063665,False
Mdfic,14.042,22.319,0.629,0.6214268342178658,False
Med4,20.25,19.89,1.018,0.6214268342178658,False
Mfsd10,18.092,19.283,0.938,0.4704479999364616,False
Mgme1,5.683,5.794,0.981,0.6760528085643427,False
Mib1,93.342,98.352,0.949,0.732439899903881,False
Mlec,119.995,102.393,1.172,0.10237755581065143,False
Mlh3,5.34,5.53,0.966,0.6760528085643427,False
Mmd,81.174,94.103,0.863,0.732439899903881,False
Mocs3,6.33,5.819,1.088,0.568811400413345,False
Morn4,73.102,63.163,1.157,0.4704479999364616,False
Moxd1,0.939,14.905,0.063,0.0007226712449063665,False
Mpnd,116.426,108.003,1.078,0.4704479999364616,False
Mpz,123.406,121.347,1.017,0.6214268342178658,False
Mrpl13,72.712,72.353,1.005,0.4704479999364616,False
Mrpl28,93.869,84.502,1.111,0.38228287503993563,False
Mrpl41,112.915,93.998,1.201,0.11936102290912955,False
Mrps10,89.373,73.063,1.223,0.03668277440246512,False
Msrb2,38.383,87.145,0.44,0.0034446936330652608,False
Mtf2,18.278,13.821,1.323,0.03668277440246512,False
Mtfr1l,84.311,98.575,0.855,0.08737528034076734,False
Mtus1,94.378,71.506,1.32,0.08737528034076734,False
Mtus2,20.131,16.521,1.219,0.18366985885429593,False
Mtx1,19.64,17.416,1.128,0.1598685556691316,False
Myo9b,19.998,20.447,0.978,0.13847671503211265,False
Nabp1,6.775,20.654,0.328,0.006995319905603779,False
Nacad,109.462,127.518,0.858,0.03668277440246512,False
Ncl,105.895,84.133,1.259,0.005553517553973438,False
Ncs1,146.069,106.583,1.37,0.020492927306024925,False
Ndufaf3,69.363,65.749,1.055,0.732439899903881,False
Ndufaf7,18.422,18.459,0.998,0.9696981596092581,False
Ndufv1,99.966,83.681,1.195,0.03036847223425402,False
Neat1,27.212,20.305,1.34,0.07419931719571338,False
Nectin1,15.35,13.941,1.101,0.8493606187801671,False
Neto2,35.261,96.415,0.366,0.0020914050461957145,False
Ngdn,17.463,15.749,1.109,0.10237755581065143,False
Nme7,6.338,5.559,1.14,0.20999967175560622,False
Nnat,232.532,214.857,1.082,0.8493606187801671,False
Notch1,20.283,11.41,1.778,0.0012427472668632257,False
Npr2,63.374,90.585,0.7,0.4704479999364616,False
Npy1r,5.802,8.307,0.698,0.5184240444618633,False
Nr2f1,31.294,18.027,1.736,0.00438548939209379,False
Nrp2,264.973,70.084,3.781,0.10237755581065143,False
Nsa2,97.602,87.398,1.117,0.38228287503993563,False
Nsd2,77.9,72.343,1.077,0.23895905206052603,False
Ntrk1,103.509,31.546,3.281,0.10237755581065143,False
Nufip2,91.103,89.08,1.023,0.1598685556691316,False
Nutf2,42.175,44.66,0.944,0.9092690452142275,False
Oaz1-ps,39.25,30.631,1.281,0.23895905206052603,False
Ogfrl1,146.502,70.392,2.081,0.005553517553973438,False
Ogg1,5.78,5.684,1.017,0.6760528085643427,False
Ogt,145.897,152.069,0.959,0.052705041790226705,False
Olfm2,54.32,13.204,4.114,0.013543601483181497,False
Osmr,1.392,34.652,0.04,0.002691282834948115,False
Pacc1,7.073,7.232,0.978,0.6214268342178658,False
Palld,15.756,12.932,1.218,0.27062738558725485,False
Papola,88.409,82.646,1.07,0.11936102290912955,False
Pard3,26.416,14.58,1.812,0.0001694392021937069,False
Parp1,72.817,66.535,1.094,0.7903100546926771,False
Parp6,62.242,82.2,0.757,0.008764828179775055,False
Pbx3,44.008,13.359,3.294,0.002691282834948115,False
Pcdh11x,58.309,15.491,3.764,0.10237755581065143,False
Pcgf5,21.668,16.908,1.281,0.1598685556691316,False
Pcolce2,16.677,24.644,0.677,0.7903100546926771,False
Pcp4l1,119.636,13.686,8.742,0.0012427472668632257,False
Pcsk7,17.256,19.509,0.884,0.8493606187801671,False
Pcyox1,126.242,92.7,1.362,0.06269390820871207,False
Pdcd5-ps,8.872,7.011,1.265,0.34227921045774523,False
Pde1a,5.025,21.184,0.237,0.002691282834948115,False
Pde4a,21.081,19.732,1.068,0.5184240444618633,False
Pde8a,10.979,23.191,0.473,0.01670340384716159,False
Pde8b,15.835,17.281,0.916,0.6760528085643427,False
Pdk3,23.186,18.091,1.282,0.18366985885429593,False
Pdzd2,29.295,17.375,1.686,0.006995319905603779,False
Pex11a,8.183,4.897,1.671,0.0012427472668632257,False
Pex3,25.181,22.307,1.129,0.13847671503211265,False
Pgap4,107.526,95.043,1.131,0.23895905206052603,False
Pgrmc2,84.492,87.581,0.965,0.9696981596092581,False
Phactr1,100.049,84.759,1.18,0.5184240444618633,False
Phf13,13.345,17.52,0.762,0.02501152559403936,False
Pigb,8.153,6.158,1.324,0.13847671503211265,False
Pigq,71.346,71.961,0.991,0.7903100546926771,False
Pik3ca,86.346,82.703,1.044,0.9696981596092581,False
Pinx1,5.488,6.597,0.832,0.03668277440246512,False
Pitpnm3,18.408,18.687,0.985,0.9696981596092581,False
Plcb4,96.803,71.58,1.352,0.9092690452142275,False
Plekhb1,24.881,21.42,1.162,0.1598685556691316,False
Plekhd1,30.248,12.406,2.438,0.06269390820871207,False
Plod3,20.968,22.06,0.951,0.6214268342178658,False
Plp1,240.075,142.068,1.69,0.0005466219592185199,False
Plxdc2,17.787,14.123,1.259,0.6214268342178658,False
Pnkp,14.7,13.762,1.068,0.23895905206052603,False
Polg,25.074,22.442,1.117,0.1598685556691316,False
Pomt1,6.784,7.153,0.949,0.7903100546926771,False
Pon2,17.939,12.078,1.485,0.11936102290912955,False
Ppib,80.251,87.013,0.922,0.6760528085643427,False
Ppm1j,30.066,14.843,2.026,0.03668277440246512,False
Ppp1r14a,1.583,5.026,0.315,0.013543601483181497,False
Ppp1r1a,68.26,13.867,4.922,0.0012427472668632257,False
Ppp1r3d,8.173,4.195,1.948,0.0034446936330652608,False
Ppp2r3a,18.226,13.597,1.34,0.03668277440246512,False
Prdm16,7.769,4.609,1.686,0.005553517553973438,False
Prkcd,34.498,192.104,0.18,0.00022894942526757402,False
Prkg2,49.124,5.29,9.286,0.00041121782685697906,False
Prpf4b,79.797,83.805,0.952,0.9092690452142275,False
Prxl2b,80.575,73.059,1.103,0.4704479999364616,False
Psma4,66.078,63.925,1.034,0.6760528085643427,False
Psmd4,92.588,78.367,1.181,0.11936102290912955,False
Psmd8,88.782,83.694,1.061,0.18366985885429593,False
Ptbp1,18.183,14.858,1.224,0.052705041790226705,False
Ptcd3,19.479,17.545,1.11,0.23895905206052603,False
Ptgfrn,17.132,10.579,1.619,0.03036847223425402,False
Ptpn13,7.504,7.015,1.07,0.30505885926167353,False
Pttg1ip,64.104,97.575,0.657,0.008764828179775055,False
Rab27a,17.054,16.805,1.015,0.7903100546926771,False
Rab2b,68.79,61.548,1.118,0.7903100546926771,False
Rab4b,21.814,24.056,0.907,0.8493606187801671,False
Racgap1,30.036,9.54,3.148,0.4704479999364616,False
Rad51d,16.921,15.982,1.059,0.9696981596092581,False
Rae1,19.992,17.781,1.124,0.42503065278493135,False
Ralb,17.471,18.035,0.969,0.568811400413345,False
Ramp1,42.157,12.165,3.466,0.5184240444618633,False
Rapgef5,42.502,9.822,4.327,0.0016165203483961817,False
Rara,8.73,4.013,2.176,0.0016165203483961817,False
Rarres2,19.95,13.24,1.507,0.00438548939209379,False
Rc3h2,73.608,72.483,1.016,0.5184240444618633,False
Rcn1,12.205,11.678,1.045,0.38228287503993563,False
Rel,9.333,6.98,1.337,0.27062738558725485,False
Rfx3,8.418,5.416,1.554,0.06269390820871207,False
Rhbdl3,15.857,3.897,4.069,0.010924033386052627,False
Ric8a,62.204,89.368,0.696,0.0007226712449063665,False
Rmdn2,4.395,7.134,0.616,0.013543601483181497,False
Rnf112,30.895,12.771,2.419,0.013543601483181497,False
Rnf166,20.982,16.567,1.267,0.008764828179775055,False
Rnf170,22.411,17.169,1.305,0.03036847223425402,False
Rnf44,67.3,68.259,0.986,0.9696981596092581,False
Robo2,83.406,122.493,0.681,0.11936102290912955,False
Rpa3,14.86,12.118,1.226,0.13847671503211265,False
Rpf1,7.735,4.863,1.59,0.006995319905603779,False
Rpl19-ps11,4.035,5.285,0.764,0.03668277440246512,False
Rps6ka3,72.761,81.548,0.892,0.8493606187801671,False
Rps6kb2,14.71,17.1,0.86,0.5184240444618633,False
Rsad2,9.33,6.178,1.51,0.11936102290912955,False
Rsph9,8.575,6.905,1.242,0.6760528085643427,False
Rspo4,1.286,45.96,0.028,0.0003076740455083403,False
Rsrc2,86.086,83.858,1.027,0.4704479999364616,False
Rtcb,81.215,67.503,1.203,0.00438548939209379,False
Rtl8c,61.12,42.914,1.424,0.03668277440246512,False
Rwdd4a,24.055,18.749,1.283,0.0020914050461957145,False
Ryr2,69.617,17.368,4.008,0.0009502496592265887,False
S100a16,19.632,26.589,0.738,0.34227921045774523,False
Sap30,7.148,5.336,1.34,0.34227921045774523,False
Sar1a,87.439,80.971,1.08,0.11936102290912955,False
Sars2,7.759,6.865,1.13,0.23895905206052603,False
Scamp5,122.852,108.919,1.128,0.20999967175560622,False
Sdf2,75.014,66.378,1.13,0.1598685556691316,False
Sema3b,16.857,14.998,1.124,0.568811400413345,False
Sema3c,87.511,114.416,0.765,0.20999967175560622,False
Sema3e,13.312,26.237,0.507,0.34227921045774523,False
Sema3f,31.962,9.529,3.354,0.06269390820871207,False
Serpina3g,24.201,20.223,1.197,0.568811400413345,False
Serpine2,42.919,26.307,1.631,0.010924033386052627,False
Serpinh1,35.254,20.692,1.704,0.006995319905603779,False
Sesn1,17.887,12.967,1.379,0.02501152559403936,False
Setbp1,11.638,5.88,1.979,0.00438548939209379,False
Sfr1,115.097,115.892,0.993,0.4704479999364616,False
Sfxn5,18.318,17.507,1.046,0.06269390820871207,False
Sh3pxd2b,23.891,19.679,1.214,0.23895905206052603,False
Simc1,6.077,6.144,0.989,0.732439899903881,False
Sipa1l1,37.72,10.297,3.663,0.005553517553973438,False
Skap1,36.152,12.527,2.886,0.04408270855615712,False
Skil,19.008,19.942,0.953,0.9092690452142275,False
Slc10a4,136.516,15.843,8.617,0.7903100546926771,False
Slc12a3,4.637,7.187,0.645,0.6760528085643427,False
Slc18a2,97.3,7.409,13.133,0.732439899903881,False
Slc22a17,168.771,102.99,1.639,0.01670340384716159,False
Slc24a5,21.894,30.281,0.723,0.9092690452142275,False
Slc25a11,88.633,73.166,1.211,0.010924033386052627,False
Slc25a22,80.078,84.539,0.947,0.568811400413345,False
Slc2a3,105.984,95.688,1.108,0.8493606187801671,False
Slc31a2,14.549,22.325,0.652,0.02501152559403936,False
Slc39a1,18.901,14.75,1.281,0.08737528034076734,False
Slc7a2,35.644,18.616,1.915,0.006995319905603779,False
Slit2,64.558,5.644,11.439,0.005553517553973438,False
Smarca4,86.077,70.385,1.223,0.013543601483181497,False
Smarcd2,22.985,20.053,1.146,0.1598685556691316,False
Smim1,79.655,75.12,1.06,0.9696981596092581,False
Smox,16.363,13.484,1.214,0.18366985885429593,False
Snapin,97.5,96.164,1.014,0.7903100546926771,False
Snhg20,79.067,89.688,0.882,0.30505885926167353,False
Snrpd3,96.186,85.342,1.127,0.42503065278493135,False
Sox10,17.637,13.037,1.353,0.13847671503211265,False
Sp1,16.834,14.075,1.196,0.04408270855615712,False
Spata2l,6.453,6.612,0.976,0.4704479999364616,False
Spata33,5.131,4.845,1.059,0.7903100546926771,False
Spata6,18.212,12.917,1.41,0.02501152559403936,False
Spon1,37.914,33.486,1.132,0.732439899903881,False
Sppl3,88.02,91.297,0.964,0.8493606187801671,False
Spry2,37.867,22.795,1.661,0.03668277440246512,False
Srcin1,119.193,61.294,1.945,0.0016165203483961817,False
Srf,4.424,4.979,0.888,0.20999967175560622,False
Srrd,18.392,15.557,1.182,0.20999967175560622,False
Ss18l2,115.45,99.146,1.164,0.30505885926167353,False
St6galnac5,11.316,9.302,1.217,0.6214268342178658,False
Stard5,51.406,17.363,2.961,0.002691282834948115,False
Stard7,73.118,87.011,0.84,0.3822828750399312,False
Stt3b,96.011,144.287,0.665,0.0527050417902269,False
Supt4a,117.949,100.54,1.173,0.20999967175560622,False
Supt6,70.331,73.491,0.957,0.732439899903881,False
Sv2b,49.992,14.635,3.416,0.18366985885429593,False
Svil,12.255,23.824,0.514,0.02501152559403936,False
Tafa2,97.526,5.996,16.266,0.0007226712449063665,False
Tafa5,120.432,69.064,1.744,0.02501152559403936,False
Taldo1,66.933,107.356,0.623,0.0020914050461957145,False
Tango2,83.253,89.934,0.926,0.20999967175560622,False
Tars3,22.756,16.106,1.413,0.03036847223425402,False
Tbc1d12,18.282,19.271,0.949,0.6760528085643427,False
Tceal3,100.966,80.029,1.262,0.18366985885429593,False
Tcta,93.106,85.236,1.092,0.13847671503211265,False
Tedc2,6.451,5.312,1.214,0.27062738558725485,False
Tenm1,27.019,17.334,1.559,0.732439899903881,False
Th,237.996,86.865,2.74,0.23895905206052603,False
Thap11,18.741,14.863,1.261,0.010924033386052627,False
Thsd4,28.752,5.188,5.543,0.03036847223425402,False
Timm10b,92.57,83.06,1.115,0.06269390820871207,False
Timm23,90.711,89.122,1.018,0.9092690452142275,False
Tlcd1,9.977,18.351,0.544,0.00438548939209379,False
Tle1,103.547,102.702,1.008,0.732439899903881,False
Tm2d2,74.874,62.875,1.191,0.04408270855615712,False
Tmed4,82.4,68.544,1.202,0.03036847223425402,False
Tmem163,36.497,20.649,1.768,0.07419931719571338,False
Tmem164,26.445,15.818,1.672,0.27062738558725485,False
Tmem238,19.462,11.185,1.74,0.002691282834948115,False
Tmem255b,31.935,12.615,2.531,0.08737528034076734,False
Tmem260,13.571,14.808,0.916,0.7903100546926771,False
Tmem38b,13.83,14.596,0.948,0.568811400413345,False
Tmem68,16.77,20.388,0.823,0.4704479999364616,False
Tmem72,13.064,8.057,1.621,0.38228287503993563,False
Tmem91,15.57,9.84,1.582,0.34227921045774523,False
Toe1,5.771,6.722,0.858,0.13847671503211265,False
Tpm2,4.002,8.197,0.488,0.06269390820871207,False
Trib1,21.695,15.311,1.417,0.1598685556691316,False
Trim27,18.483,16.158,1.144,0.30505885926167353,False
Trio,99.606,113.542,0.877,0.5184240444618633,False
Trp53inp1,14.917,14.043,1.062,0.732439899903881,False
Tshz1,20.028,18.404,1.088,0.34227921045774523,False
Tspoap1,18.977,17.027,1.115,0.20999967175560622,False
Ttc8,20.962,18.389,1.14,0.08737528034076734,False
Tti1,7.648,7.073,1.081,0.34227921045774523,False
U2surp,64.904,66.747,0.972,0.7903100546926771,False
Ube2j2,74.601,75.146,0.993,0.5184240444618633,False
Ube2s,29.296,25.179,1.163,0.34227921045774523,False
Unc13a,94.555,122.089,0.774,0.4704479999364616,False
Urm1,83.816,71.052,1.18,0.06269390820871207,False
Uros,18.066,19.343,0.934,0.20999967175560622,False
Usp31,107.328,107.772,0.996,0.6760528085643427,False
Vldlr,41.054,17.184,2.389,0.008764828179775055,False
Vps13a,53.243,77.429,0.688,0.03036847223425402,False
Vps4a,75.25,81.931,0.918,0.1598685556691316,False
Wdr25,5.908,6.603,0.895,0.7903100546926771,False
Wwp1,70.22,107.395,0.654,0.00438548939209379,False
Xiap,99.002,105.264,0.941,0.6214268342178658,False
Xist,194.554,187.161,1.039,0.6214268342178658,False
Xpnpep1,18.58,20.67,0.899,0.23895905206052603,False
Yaf2,105.232,79.83,1.318,0.02501152559403936,False
Zbtb41,19.218,21.017,0.914,0.34227921045774523,False
Zbtb42,5.508,6.457,0.853,0.6760528085643427,False
Zcchc24,9.599,6.413,1.497,0.00438548939209379,False
Zfhx2,76.126,66.716,1.141,0.23895905206052603,False
Zfp26,21.615,19.205,1.125,0.1598685556691316,False
Zfp367,16.058,19.665,0.817,0.42503065278493135,False
Zfp36l1,37.502,25.473,1.472,0.013543601483181497,False
Zfp395,7.639,5.869,1.301,0.18366985885429593,False
Zfp623,6.279,6.2,1.013,0.5184240444618633,False
Zfp668,6.617,6.261,1.057,0.8493606187801671,False
Zfp994,5.483,7.102,0.772,0.02501152559403936,False
Zkscan3,23.811,21.393,1.113,0.23895905206052603,False
Zmiz2,83.205,94.8,0.878,0.11936102290912955,False
Zmynd11,91.111,105.394,0.864,0.10237755581065143,False
mt-Nd6,41.427,30.538,1.357,0.1598685556691316,False
