dataset,tissue,assay,prep,gene,unit,mean_level,pct_detected,n_cells,in_matrix
NodoMap:whole-cell,nodose,10x droplet sc/snRNA-seq,whole cell,Oprl1,CPM,11.9028,9.13,26047,True
NodoMap:whole-cell,nodose,10x droplet sc/snRNA-seq,whole cell,Oprm1,CPM,9.8637,8.35,26047,True
NodoMap:whole-cell,nodose,10x droplet sc/snRNA-seq,whole cell,Oprd1,CPM,0.1297,0.15,26047,True
NodoMap:whole-cell,nodose,10x droplet sc/snRNA-seq,whole cell,Oprk1,CPM,4.6266,3.84,26047,True
NodoMap:whole-cell,nodose,10x droplet sc/snRNA-seq,whole cell,Pnoc,CPM,0.7046,0.47,26047,True
NodoMap:whole-cell,nodose,10x droplet sc/snRNA-seq,whole cell,Penk,CPM,2.4184,0.96,26047,True
NodoMap:whole-cell,nodose,10x droplet sc/snRNA-seq,whole cell,Pdyn,CPM,2.1781,1.3,26047,True
NodoMap:whole-cell,nodose,10x droplet sc/snRNA-seq,whole cell,Pomc,CPM,12.3531,11.59,26047,True
NodoMap:whole-cell,jugular,10x droplet sc/snRNA-seq,whole cell,Oprl1,CPM,9.6247,7.21,4593,True
NodoMap:whole-cell,jugular,10x droplet sc/snRNA-seq,whole cell,Oprm1,CPM,8.3326,5.88,4593,True
NodoMap:whole-cell,jugular,10x droplet sc/snRNA-seq,whole cell,Oprd1,CPM,0.9239,1.09,4593,True
NodoMap:whole-cell,jugular,10x droplet sc/snRNA-seq,whole cell,Oprk1,CPM,0.8982,0.78,4593,True
NodoMap:whole-cell,jugular,10x droplet sc/snRNA-seq,whole cell,Pnoc,CPM,3.5326,0.61,4593,True
NodoMap:whole-cell,jugular,10x droplet sc/snRNA-seq,whole cell,Penk,CPM,1.1999,0.5,4593,True
NodoMap:whole-cell,jugular,10x droplet sc/snRNA-seq,whole cell,Pdyn,CPM,0.1704,0.17,4593,True
NodoMap:whole-cell,jugular,10x droplet sc/snRNA-seq,whole cell,Pomc,CPM,7.9743,7.45,4593,True
NodoMap,nodose,10x droplet sc/snRNA-seq,mixed (pooled),Oprl1,CPM,11.7486,9.1,26554,True
NodoMap,nodose,10x droplet sc/snRNA-seq,mixed (pooled),Oprm1,CPM,14.6289,9.49,26554,True
NodoMap,nodose,10x droplet sc/snRNA-seq,mixed (pooled),Oprd1,CPM,0.1888,0.27,26554,True
NodoMap,nodose,10x droplet sc/snRNA-seq,mixed (pooled),Oprk1,CPM,4.6608,3.95,26554,True
NodoMap,nodose,10x droplet sc/snRNA-seq,mixed (pooled),Pnoc,CPM,0.7295,0.47,26554,True
NodoMap,nodose,10x droplet sc/snRNA-seq,mixed (pooled),Penk,CPM,2.3904,0.96,26554,True
NodoMap,nodose,10x droplet sc/snRNA-seq,mixed (pooled),Pdyn,CPM,2.211,1.31,26554,True
NodoMap,nodose,10x droplet sc/snRNA-seq,mixed (pooled),Pomc,CPM,12.195,11.46,26554,True
NodoMap,jugular,10x droplet sc/snRNA-seq,mixed (pooled),Oprl1,CPM,9.5359,7.38,4851,True
NodoMap,jugular,10x droplet sc/snRNA-seq,mixed (pooled),Oprm1,CPM,19.3308,9.79,4851,True
NodoMap,jugular,10x droplet sc/snRNA-seq,mixed (pooled),Oprd1,CPM,1.3855,1.98,4851,True
NodoMap,jugular,10x droplet sc/snRNA-seq,mixed (pooled),Oprk1,CPM,0.9094,0.91,4851,True
NodoMap,jugular,10x droplet sc/snRNA-seq,mixed (pooled),Pnoc,CPM,3.3618,0.64,4851,True
NodoMap,jugular,10x droplet sc/snRNA-seq,mixed (pooled),Penk,CPM,1.1871,0.58,4851,True
NodoMap,jugular,10x droplet sc/snRNA-seq,mixed (pooled),Pdyn,CPM,0.1678,0.21,4851,True
NodoMap,jugular,10x droplet sc/snRNA-seq,mixed (pooled),Pomc,CPM,7.6986,7.4,4851,True
NodoMap,nodose+jugular,10x droplet sc/snRNA-seq,mixed (pooled),Oprl1,CPM,11.4068,8.83,31405,True
NodoMap,nodose+jugular,10x droplet sc/snRNA-seq,mixed (pooled),Oprm1,CPM,15.3552,9.54,31405,True
NodoMap,nodose+jugular,10x droplet sc/snRNA-seq,mixed (pooled),Oprd1,CPM,0.3737,0.54,31405,True
NodoMap,nodose+jugular,10x droplet sc/snRNA-seq,mixed (pooled),Oprk1,CPM,4.0814,3.48,31405,True
NodoMap,nodose+jugular,10x droplet sc/snRNA-seq,mixed (pooled),Pnoc,CPM,1.1361,0.5,31405,True
NodoMap,nodose+jugular,10x droplet sc/snRNA-seq,mixed (pooled),Penk,CPM,2.2046,0.9,31405,True
NodoMap,nodose+jugular,10x droplet sc/snRNA-seq,mixed (pooled),Pdyn,CPM,1.8954,1.14,31405,True
NodoMap,nodose+jugular,10x droplet sc/snRNA-seq,mixed (pooled),Pomc,CPM,11.5004,10.83,31405,True
NodoMap:Bai,nodose+jugular,10x droplet sc/snRNA-seq,whole cell,Oprl1,CPM,11.8375,27.45,1031,True
NodoMap:Bai,nodose+jugular,10x droplet sc/snRNA-seq,whole cell,Oprm1,CPM,9.3297,32.4,1031,True
NodoMap:Bai,nodose+jugular,10x droplet sc/snRNA-seq,whole cell,Oprd1,CPM,0.2616,1.26,1031,True
NodoMap:Bai,nodose+jugular,10x droplet sc/snRNA-seq,whole cell,Oprk1,CPM,3.4752,11.93,1031,True
NodoMap:Bai,nodose+jugular,10x droplet sc/snRNA-seq,whole cell,Pnoc,CPM,0.7692,1.75,1031,True
NodoMap:Bai,nodose+jugular,10x droplet sc/snRNA-seq,whole cell,Penk,CPM,3.7536,2.13,1031,True
NodoMap:Bai,nodose+jugular,10x droplet sc/snRNA-seq,whole cell,Pdyn,CPM,4.747,6.11,1031,True
NodoMap:Bai,nodose+jugular,10x droplet sc/snRNA-seq,whole cell,Pomc,CPM,8.6339,34.72,1031,True
NodoMap:Buchanan,nodose+jugular,10x droplet sc/snRNA-seq,whole cell,Oprl1,CPM,9.5932,5.26,4599,True
NodoMap:Buchanan,nodose+jugular,10x droplet sc/snRNA-seq,whole cell,Oprm1,CPM,9.4257,5.48,4599,True
NodoMap:Buchanan,nodose+jugular,10x droplet sc/snRNA-seq,whole cell,Oprd1,CPM,0.2058,0.22,4599,True
NodoMap:Buchanan,nodose+jugular,10x droplet sc/snRNA-seq,whole cell,Oprk1,CPM,3.7965,2.13,4599,True
NodoMap:Buchanan,nodose+jugular,10x droplet sc/snRNA-seq,whole cell,Pnoc,CPM,0.7282,0.37,4599,True
NodoMap:Buchanan,nodose+jugular,10x droplet sc/snRNA-seq,whole cell,Penk,CPM,1.5585,0.67,4599,True
NodoMap:Buchanan,nodose+jugular,10x droplet sc/snRNA-seq,whole cell,Pdyn,CPM,1.9159,0.85,4599,True
NodoMap:Buchanan,nodose+jugular,10x droplet sc/snRNA-seq,whole cell,Pomc,CPM,12.551,8.37,4599,True
NodoMap:Kupari,nodose+jugular,10x droplet sc/snRNA-seq,whole cell,Oprl1,CPM,11.0939,21.02,1993,True
NodoMap:Kupari,nodose+jugular,10x droplet sc/snRNA-seq,whole cell,Oprm1,CPM,4.8056,11.44,1993,True
NodoMap:Kupari,nodose+jugular,10x droplet sc/snRNA-seq,whole cell,Oprd1,CPM,0.1453,0.5,1993,True
NodoMap:Kupari,nodose+jugular,10x droplet sc/snRNA-seq,whole cell,Oprk1,CPM,8.3644,10.19,1993,True
NodoMap:Kupari,nodose+jugular,10x droplet sc/snRNA-seq,whole cell,Pnoc,CPM,1.0698,0.4,1993,True
NodoMap:Kupari,nodose+jugular,10x droplet sc/snRNA-seq,whole cell,Penk,CPM,2.0611,1.51,1993,True
NodoMap:Kupari,nodose+jugular,10x droplet sc/snRNA-seq,whole cell,Pdyn,CPM,2.2857,3.26,1993,True
NodoMap:Kupari,nodose+jugular,10x droplet sc/snRNA-seq,whole cell,Pomc,CPM,7.1425,21.22,1993,True
NodoMap:Zhao,nodose+jugular,10x droplet sc/snRNA-seq,whole cell,Oprl1,CPM,11.9827,7.67,23017,True
NodoMap:Zhao,nodose+jugular,10x droplet sc/snRNA-seq,whole cell,Oprm1,CPM,10.1075,7.09,23017,True
NodoMap:Zhao,nodose+jugular,10x droplet sc/snRNA-seq,whole cell,Oprd1,CPM,0.2658,0.24,23017,True
NodoMap:Zhao,nodose+jugular,10x droplet sc/snRNA-seq,whole cell,Oprk1,CPM,3.7765,2.66,23017,True
NodoMap:Zhao,nodose+jugular,10x droplet sc/snRNA-seq,whole cell,Pnoc,CPM,1.2297,0.47,23017,True
NodoMap:Zhao,nodose+jugular,10x droplet sc/snRNA-seq,whole cell,Penk,CPM,2.3182,0.83,23017,True
NodoMap:Zhao,nodose+jugular,10x droplet sc/snRNA-seq,whole cell,Pdyn,CPM,1.7055,0.78,23017,True
NodoMap:Zhao,nodose+jugular,10x droplet sc/snRNA-seq,whole cell,Pomc,CPM,12.0576,9.53,23017,True
NodoMap:inhouse,nodose+jugular,10x droplet sc/snRNA-seq,nuclear,Oprl1,CPM,5.2177,8.5,765,True
NodoMap:inhouse,nodose+jugular,10x droplet sc/snRNA-seq,nuclear,Oprm1,CPM,244.4949,71.9,765,True
NodoMap:inhouse,nodose+jugular,10x droplet sc/snRNA-seq,nuclear,Oprd1,CPM,5.3758,10.59,765,True
NodoMap:inhouse,nodose+jugular,10x droplet sc/snRNA-seq,nuclear,Oprk1,CPM,4.6269,7.32,765,True
NodoMap:inhouse,nodose+jugular,10x droplet sc/snRNA-seq,nuclear,Pnoc,CPM,1.4388,0.78,765,True
NodoMap:inhouse,nodose+jugular,10x droplet sc/snRNA-seq,nuclear,Penk,CPM,0.9547,1.31,765,True
NodoMap:inhouse,nodose+jugular,10x droplet sc/snRNA-seq,nuclear,Pdyn,CPM,2.6262,1.44,765,True
NodoMap:inhouse,nodose+jugular,10x droplet sc/snRNA-seq,nuclear,Pomc,CPM,3.6389,5.49,765,True
