panel,dataset,tissue,unit,n,Oprl1,Oprm1,Oprd1,Oprk1,margin,support,n_boot
a,GSE114997,spiral (VIII),CPM,226,41.94,0.0,0.0,0.0,inf,1.0,10000
b,GSE102443,geniculate,FPKM,96,5.73,0.18,0.31,0.83,31.3,1.0,10000
c,GSE78845,sympathetic (control),CPM,298,62.3,1.48,3.9,4.24,14.69,1.0,10000
d,GSE309608,vestibular (VIII),CPM,6596,19.88,1.78,0.09,4.63,4.29,1.0,10000
e,GSE135801,geniculate,CPM,454,18.98,0.01,4.72,3.61,4.02,0.974,10000
f,iPain,trigeminal,CPM,2773,13.24,6.36,1.46,5.12,2.08,1.0,10000
g,NodoMap,nodose,CPM,26047,11.9,9.86,0.13,4.63,1.21,1.0,10000
h,NodoMap,jugular,CPM,4593,9.62,8.33,0.92,0.9,1.16,0.898,10000
i,iPain,dorsal root,CPM,31802,9.31,8.23,0.2,2.78,1.13,1.0,10000
