cell,subtype,Oprl1,Scn1a,Calb2,Calb1,Lypd1,Pou4f1,Pvalb
1,Ia,2.0137052781229046,273.36049150518426,4927.5368155667475,0.0,0.0,0.0,924.7941489779439
10,Ia,2.8820852463174154,114.80306231164373,10813.583844182944,0.0,0.0,0.0,1099.515521470094
100,Ib,53.335531403718456,348.4126272216933,2985.404420130215,113.94408981703488,0.0,7.619361629102636,1097.1880745907797
103,Ia,13.381447069686116,281.0103884634084,12453.666739521212,0.0,0.0,0.0,859.386267364286
106,Ic,8.717428900892036,368.55352186549106,279.92632803975533,26.63658830828122,4115.595044432251,639.2781193987493,1329.4079073860353
107,Ib,0.0,473.3048090240542,3872.2295128450273,484.937492502372,13.08676891310749,232.65366956635535,778.6627503298956
11,Ia,15.08566849424512,456.7940420057422,8179.449457579703,0.0,0.0,0.0,1435.5522139123655
114,Ic,154.8985432144053,446.0373960287534,0.0,0.0,4170.643276047863,782.9417275200849,766.0437046239679
116,Ia,17.78683599004813,177.0474290086329,11499.326289381423,0.0,0.0,0.0,951.4589036522668
119,Ic,64.69191844432383,286.17950362658513,0.0,0.0,4922.616404335456,1135.6721106560747,913.0880522798418
12,Ia,0.0,471.5928101746149,11055.685613526417,0.0,0.0,0.0,1407.1368803589783
120,Ic,132.28812149341078,604.9637555987132,15.264014018470474,0.0,5072.740658805021,255.9266350430216,1073.0601854984745
122,Ib,52.28433306749805,273.9834856199411,2378.258137258597,436.94764063551946,0.0,115.43294313603467,1052.4768344756103
124,Ia,73.3963471555475,208.7208622235882,13674.656929417944,0.0,0.0,0.0,1448.4310383977577
125,Ia,58.09340246075833,363.9216509921543,12206.038306454428,0.0,0.0,0.0,680.3631172808042
13,Ia,0.0,132.2440483042793,12518.94467346661,31.871767037362275,0.0,0.0,762.0682208037964
134,Ic,46.9357918367673,422.1724680636889,16.22780036909508,0.0,3773.338073515431,1775.5710188462183,845.8428869306788
138,Ia,61.796801729895016,177.60089236658902,11428.773214046465,0.0,0.0,0.0,1145.0583849951133
141,Ia,89.53701036616472,260.9760922300615,15223.374018303031,0.0,0.0,0.0,1272.9525349732255
142,Ic,2.2798855953408257,592.2002833897795,1757.7917940077766,18.809056161561813,2310.0940794790918,744.9526182776149,756.9220176531542
146,Ic,1.7535541034568864,536.5875556578072,83.11846450385642,0.0,2936.1509908282105,1102.2841094329988,731.9334827829044
147,Ia,0.0,606.0836587723923,11568.67408540931,0.0,52.248591273482084,0.41798873018785665,700.9671005250356
149,Ib,58.489491118807024,430.7540975766285,3293.5076988004485,296.3252119113041,0.32314635977241446,0.0,659.2185739357255
15,Ic,73.23023446228783,263.62884406423615,0.0,0.0,4329.650433732218,961.7570792713801,935.9521395084787
16,Ib,85.56557228837858,196.96226073928653,2018.0559501976081,71.0355694469558,0.0,29.060005682845553,1020.3290884199107
164,Ib,4.175785135939473,374.5358052696481,1970.3281556809789,326.35366908573116,0.0,155.14647851221272,844.793454424678
173,Ib,10.51393299231551,270.0169154844665,1510.8999616002493,411.47710483562065,6.690684631473506,78.61554441981369,753.65783313098
174,Ib,0.0,466.88478456091383,4165.975515122396,369.64691212556266,0.0,0.0,632.2844989484963
179,Ib,85.48562494173194,272.87259265820956,2384.3055826139584,65.04341028175256,28.49520831391065,490.92288236465623,686.3628437350651
188,Ic,140.47027232289742,623.6646945456442,148.6303711300367,0.0,5749.081041729871,1046.2412399153566,597.4358055226966
191,Ic,16.57193369510839,715.1276799253834,292.8358165888566,0.0,6829.781285568731,939.3361946239087,559.1565392655397
193,Ib,0.0,269.76142852175275,4356.571476951381,240.17190433642034,0.0,318.141380474413,343.8432299492637
194,Ib,51.66317385577163,252.2937815287989,2294.732384759427,299.51962756873735,0.0,84.30922850082979,620.9089422297952
201,Ic,21.192413116104436,339.4784667089182,38.78611457098359,0.0,4593.955363979696,1218.7636826016285,504.61934627403383
202,Ia,1.3211491090720888,247.49526643283795,7722.997308599073,0.0,7.266320099896488,0.0,546.2951566013087
203,Ib,13.058461425957871,478.6858859858271,1987.1247301329036,45.51806554191029,0.0,0.0,426.0789413841111
213,Ia,24.234105113373317,322.81657000078417,7362.138234536297,29.721072308854065,0.0,0.0,508.0017128482595
214,Ia,0.0,212.3575143644953,13368.586398225178,0.0,0.0,0.0,1250.5906998449827
216,Ia,66.41891610730737,342.8976572527856,9140.603243803835,36.41036967328295,0.0,0.0,717.4043167494103
225,Ia,65.36998799401911,211.76193293837176,10045.495056433021,0.0,0.0,0.0,673.9553691777745
227,Ia,55.3278369153562,374.8266134688216,1756.4640057353927,0.0,0.0,12.078612284338327,746.1465330486417
23,Ia,15.507441134861125,265.39877827948044,16354.590490571256,29.6856730295913,0.4430697467103179,0.0,1064.696601344894
25,Ic,20.50285960936657,485.05449444264593,208.26588971619728,0.0,5127.333549152909,768.3176864141577,1109.312614654149
28,Ib,1.9999550010124774,262.4940938828876,886.4800541987805,93.99788504758644,0.0,312.4929689081996,1014.477174263579
3,Ic,99.85578754098121,251.77053748899837,0.9133151299479989,0.0,3986.011665469716,1021.9996304118106,1240.586384846032
357,Ia,114.05939485543146,174.70447187467929,9902.874576650713,1.6327520735951335,0.0,0.4665005924557524,730.5399277857083
358,Ic,31.333328730697474,402.28807650005655,14.604517628714925,0.0,3765.8412547351827,1136.762544882338,767.6665539020881
36,Ic,139.4574155688357,198.0929198420962,262.53914976405815,78.70892015059287,2782.2810901555213,414.674512202788,1057.0238202774253
360,Ia,26.75038175968545,211.2826762714139,12395.40147335662,0.0,0.0,0.0,1109.4607485754289
362,Ia,51.07366912465148,214.7415633650119,10931.312879618588,0.38692173579281425,0.0,0.0,940.2198179765387
364,Ib,0.6048560261201027,428.23806649303265,1164.9527063073176,307.26686126901217,0.0,29.637945279885027,890.3480704487911
365,Ic,23.957735250502903,148.29011991259557,56.58982291929135,89.63497498895053,3834.0637688822067,893.0452346825393,1129.3180719806026
371,Ic,0.0,117.42633031325664,2.9210529928670805,0.0,3794.447837734338,1069.689605987925,1015.3580203205972
373,Ib,44.226103815785436,354.5221547813768,3390.430184458519,1427.3618344417205,0.0,142.66485101866272,1067.4897477471438
376,Ia,3.3627303218065663,199.07363505094872,6346.144663313352,0.0,0.0,0.0,968.8026057124717
378,Ib,159.0354238241384,182.20614782500627,846.2580333953325,577.1616705670718,0.0,142.44729186897166,710.393333572062
380,Ic,0.753085343584833,289.5613146083683,21.274660956271536,8.095667443536955,21.65120362806395,1109.8595251081479,1170.671166602623
382,Ia,36.48799473428154,248.26145436854307,9931.889076496009,0.0,0.0,0.0,1183.3557507941505
384,Ib,71.99419418248343,222.08923294685735,579.4889826384715,5.142442441605959,0.0,32.783070565237985,946.8522145606972
387,Ic,22.67355798870425,189.59413251506982,368.8232099495891,205.57359243091852,1421.9559938630237,1104.3102433736526,857.708307915555
393,Ic,0.7791948735210882,224.92758682308744,0.2597316245070294,0.0,40.77786504760361,1253.2050882464168,1071.3929510914961
395,Ia,0.0,142.0109970081669,16363.356108999757,0.0,0.25268860677609767,0.0,1184.6041885663458
396,Ic,108.62473729525072,265.37858896132025,19.051107771782437,2.0053797654507823,682.8318101359914,794.1303871185098,1764.0657336748718
408,Ic,69.35151660627456,456.7138736091967,0.0,0.0,6437.114344480841,1047.4594347527998,729.8079286390861
410,Ib,0.0,519.1666342911709,2880.8738521182772,200.38727908836054,0.0,200.1828022729643,695.0166955319771
411,Ic,0.4253686457368278,495.97984092914123,164.61766590015236,34.24217598181464,3577.988363615327,1483.0477833614502,702.2836341115027
412,Ic,0.0,274.92433756048916,186.05654321587585,0.0,3679.5260916842713,1125.991566546168,866.0449471336475
415,Ia,0.0,32.27796510615586,112.29094903127462,0.0,0.0,0.0,305.95873966820983
417,Ia,18.973813662300763,256.9714328611604,4132.991584701167,0.0,0.0,117.55514986425473,907.4432621100366
419,Ic,61.6993503326668,553.6846047244534,524.7127358725925,122.86218457548432,4220.772078844258,850.1097443661787,823.0156818287902
422,Ia,0.0,305.16424273635766,7172.378276543177,0.0,0.0,283.5705112743724,1011.2385186537246
424,Ic,0.0,492.85096875906373,1262.1005143167283,8.256061384893274,3864.5546465113475,387.67592589933633,1011.9059584353975
425,Ib,21.87147947954776,237.62064993881546,2068.522974506381,51.898425883672644,0.0,89.3394331283222,833.3404384749722
426,Ic,139.58907684222422,247.40601305991234,0.0,0.0,4501.747728161732,596.8995599298096,1336.5133252878634
427,Ia,39.024605437909095,141.2521044654753,11816.82019879643,0.0,0.0,0.0,1151.6500409122086
428,Ia,36.75370520588129,157.39233758753866,9058.707341920152,0.0,0.0,0.0,725.128983885446
430,Ib,19.53122820175424,317.52196705137607,1574.2169930613916,153.45965015664046,3.906245640350848,319.7541074172908,965.9587433496168
431,Ib,44.86353552015713,248.93791050818893,2002.4456098021353,43.22218665966358,0.0,144.9858160102639,1201.4673658812812
432,Ia,42.480674137955226,165.37119575132573,9707.971915722894,0.0,0.0,0.0,773.7551360841846
435,Ia,0.0,400.36007744131274,7969.385196542269,0.0,0.0,20.55236537173063,871.0092444539442
436,Ib,12.47914774666847,276.95656934541637,2014.7785313572804,113.11743602625292,0.0,67.2263765707624,710.5063152538662
437,Ib,137.33040361805615,306.6601245840088,1688.8528600278748,309.3267343630003,0.0,29.332707568905196,1026.2003299485168
438,Ic,25.85608788771563,541.5413963149329,48.839277121240634,31.60188519609688,6037.875338223965,537.232048333647,913.1029555902538
439,Ia,0.0,273.7030792718152,8031.614949123758,21.873811663116378,0.0,106.56472348697723,842.422182512841
440,Ia,0.0,82.59383249327182,10936.353049661062,14.659511394909718,0.0,0.0,993.9863823865613
442,Ia,92.89019351974787,182.20768728873622,10199.164613480778,0.0,0.0,0.0,795.8188694816861
443,Ia,0.0,233.97123231570333,6441.335798432914,0.0,0.0,0.0,880.9555760594238
444,Ic,45.538938717122136,212.65431015610247,261.53555630200424,0.0,5058.582293457935,873.5956041972697,978.8782882038272
447,Ic,70.41822969662299,253.28727580800825,357.54992597897717,0.0,5148.173056347685,393.03197970208174,1026.2501692221024
448,Ic,40.96952812558106,261.0494292104332,0.0,0.0,5515.654036496496,739.5525077027966,740.6030084239652
451,Ia,143.5985875754459,195.18254621905268,10793.943346174718,0.0,0.0,0.0,961.9711206510453
453,Ib,1.5917770917808058,460.28887570661635,6581.202385967742,96.0372178707753,0.0,216.4816844821896,541.4695073874375
454,Ic,60.15024403141973,312.9692384759808,2626.2473735176645,53.25802856948622,780.0734772824746,1149.1202870169143,809.8353167771876
460,Ib,38.44865919242615,363.0268751656981,3966.918058306944,108.63981609022738,0.0,100.14534487329601,791.7741329044966
463,Ic,0.0,417.8519286739589,0.0,0.0,4213.107830902186,1786.3309420747883,969.0371162972853
464,Ia,28.57205737732452,432.05584061116406,10712.977080962786,0.0,0.0,7.722177669547167,513.1387061414092
465,Ia,0.0,191.7392632732401,10340.032559835641,0.0,0.0,0.0,595.3772917993834
466,Ia,97.09584166118887,359.84401382421436,10421.206724491944,0.0,0.0,0.0,728.9943383507791
467,Ia,0.0,266.43497906952445,13950.48368528372,0.0,0.0,0.0,794.554880855632
486,Ib,112.9807242005882,264.59734372365733,1937.6486896577562,200.20418485285578,0.0,115.3222936140719,934.8715883333646
488,Ib,0.0,222.1094876587383,2913.1805742668803,71.29901200473785,0.0,139.98497121349052,1235.2273859878403
490,Ib,79.68118083968619,303.3787181599904,640.9908325325866,110.37319123719494,141.0652016347037,229.00961604294994,697.0627746049585
492,Ib,28.387705082159595,248.39241946889646,1098.5028020185687,504.89561181841,14.700775846118361,5.576156355424207,855.1796156000578
493,Ic,76.16080832004563,369.6039227296332,116.85457354987393,13.066805349027439,4259.031869191572,700.7541040035571,1152.49223178422
495,Ic,37.20174407043706,293.99254384867515,76.3788019853221,0.0,2258.112943178122,803.9527346903301,1066.3402570278374
496,Ib,13.65558019767073,397.5635962094592,1612.2895256113509,603.0180073653233,0.0,137.48686426291215,879.2331522727541
497,Ib,0.0,125.92544345296251,1920.7248673802442,161.1459697827183,0.0,4.34225667079181,1110.1702888324394
498,Ia,50.407368242262194,343.5371726945478,12061.606570490869,0.0,0.0,0.0,947.3297792486014
500,Ib,30.2776842113231,121.1107368452924,269.2551203078375,125.97679323639787,359.54750000946177,274.66184963128813,1135.9538308569613
502,Ia,0.7071300631396433,263.05238348794734,10838.182477741313,62.93457561942825,0.0,0.0,777.135939390468
504,Ic,16.804618304512864,86.32960776043863,1152.5991142977646,0.0,1655.0901518346689,813.2117250105441,734.1311682834247
506,Ib,90.80792235130356,315.38993165637305,2255.5712793434527,585.680626708743,0.0,71.30554976578868,943.4272738242812
510,Ia,112.66860857272908,350.77493468976326,9817.942551027612,0.0,0.0,0.0,1193.5361268137767
516,Ib,138.63332745191943,201.648476293701,759.4695329974717,219.73108422221225,144.11290561207434,190.14136215737568,811.5255255189435
518,Ia,78.33386663309501,238.8483522785888,9607.788624453806,0.0,0.0,0.0,911.6803138949942
519,Ib,137.33322336586707,278.4497311219784,1119.0955226342555,207.7023130244105,0.0,0.0,674.5596067805536
520,Ic,57.724446021307365,385.2050836934071,0.0,0.0,4516.585922837902,895.9960353160976,533.0359820406577
521,Ic,70.08391453704647,456.0929750731227,0.0,0.0,3727.0406738568386,1148.7191617087774,626.9225167571734
522,Ic,98.41925741592696,591.9523219760863,0.0,0.0,5076.494033063123,1793.0982956945525,663.4320016321792
523,Ib,55.27755915356896,451.1701732819866,819.16078136146,272.17617221328715,0.0,151.09199501975516,697.0236982792885
524,Ib,83.90878749977959,238.9576339667636,2376.807611135061,130.72745878588847,0.0,85.12485688383437,743.0183936574686
527,Ib,0.0,347.7823305703489,2076.8218166986853,159.92910091921155,0.0,0.0,741.5407518811414
528,Ib,0.0,425.300516949385,1871.1526068178728,96.14506367206842,0.0,40.72026226111133,514.0933110465305
529,Ib,59.896415575396006,410.5450670815605,220.91350036107596,569.6221869903045,259.22780668056004,653.2831723081654,516.2731528745672
53,Ia,16.123493058030064,408.73054902106213,8783.272843361878,0.0,0.0,0.0,1127.0321647563014
530,Ib,46.56087756267931,367.77861715239953,1938.2927120194026,511.12334133413134,0.26157796383527704,0.0,340.0513529858601
533,Ic,34.496018820123055,333.65001809627216,147.03221136445893,2.2620340209916754,3486.925443358668,1017.349800941006,637.3280854144047
535,Ib,13.22201815766958,323.2996697907594,1290.6395788744564,430.7818819111702,0.0,120.70423027808036,611.624968970909
537,Ib,57.12755650673153,394.06355304643387,2515.555600463083,90.54912017733638,1.9431141668956302,45.85749433873688,838.259451598775
539,Ib,61.38270067782602,456.5128722542143,873.4456424320161,606.4476657131663,0.0,146.24512292640517,477.98004626176
54,Ia,70.03355520775607,514.5943839178598,13321.165184362248,0.0,0.0,0.0,658.576413568588
541,Ia,0.8135860186869861,562.7303295918321,7275.086179099029,0.0,0.0,0.0,519.0678799222972
544,Ia,14.765214630851178,438.2584160884463,8606.777837547068,0.0,0.0,0.0,1032.2227319204142
545,Ia,55.848089345388175,198.3570069853442,10749.312851848981,0.0,0.0,0.0,1044.7444299956235
546,Ia,0.0,326.15633708529884,14815.982438933257,0.0,0.0,0.0,983.9179238086341
551,Ia,141.28738005847006,205.8213455446361,11215.54497215493,0.0,0.0,0.0,866.8171695479109
554,Ic,108.76654970272186,331.0881135604867,0.0,0.0,4667.042675137232,1175.2259898696616,979.5830136748284
556,Ia,0.0,227.10331063190827,5615.129355373932,0.0,0.0,0.0,555.0672092209288
58,Ic,0.0,117.52486605178728,1.0044860346306606,0.0,5324.780469577132,536.3955424927727,1793.007571815729
59,Ib,26.61307423073192,420.65827009866587,2381.440900517753,382.0263881508292,0.0,48.07523086841895,929.7406255446022
64,Ib,0.0,561.2053622217929,1715.6849645066243,174.85173870583753,0.0,640.6140121144003,971.9924164739352
75,Ia,0.0,459.0855284886379,18567.323488634887,0.0,0.0,0.0,730.1413458409721
76,Ib,45.77945313835536,149.50758113538836,2463.108424868094,156.4614221184297,0.0,89.2409592823636,680.8969295894626
78,Ia,0.0,41.73130570947344,19482.211545693597,0.0,0.0,0.0,972.4364725788928
79,Ia,55.44701582180596,197.62900639343698,15844.380821194065,0.0,0.0,0.0,555.2622584440854
80,Ib,0.0,1.6831681263741867,3994.398416475427,1148.8824725451234,0.0,64.44129398118315,371.0183455707671
90,Ia,20.154630806353186,288.88304155772903,11751.269461815373,69.79474001459344,0.0,0.0,656.518436821764
91,Ib,28.069414009703998,490.6250515981875,1857.0629957848705,119.11810146975226,0.0,222.4324152197552,652.4369676541282
94,Ic,2.304514736411525,452.0689741260608,330.6978646750538,0.0,3199.0505399285985,1113.0806176867666,852.6704524722642
96,Ib,22.9939454851179,400.0946514410515,2662.6988871766525,109.11672312028676,0.0,226.5948809624346,1064.8287118290054
99,Ia,0.3520493319687901,162.29474203761225,16117.170466863181,0.0,0.0,0.0,1212.809948632482
